{"cameraMode":{"drawMode":0,"name":"Shaded","section":"Shading Mode"},"sceneLighting":true,"audioPlay":false,"sceneViewState":{"showFog":true,"showMaterialUpdate":false,"showSkybox":true,"showFlares":true,"showImageEffects":true,"showParticleSystems":true},"in2DMode":false,"pivot":{"x":1.82838773727417,"y":-2.704111099243164,"z":0.9692525863647461},"rotation":{"x":-0.1331770122051239,"y":-0.15776948630809785,"z":0.021485382691025735,"w":-0.9782351851463318},"size":22.5344181060791,"orthographic":false}